image_path,label
Male/Cat_001_Male.jpg,1
Male/Cat_002_Male.jpg,1
Male/Cat_003_Male.jpg,1
Male/Cat_004_Male.jpg,1
Male/Cat_005_Male.jpg,1
Male/Cat_006_Male.jpg,1
Male/Cat_007_Male.jpg,1
Male/Cat_008_Male.jpg,1
Male/Cat_009_Male.jpg,1
Male/Cat_010_Male.jpg,1
Male/Cat_011_Male.jpg,1
Male/Cat_012_Male.jpg,1
Male/Cat_013_Male.jpg,1
Male/Cat_014_Male.jpg,1
Male/Cat_015_Male.jpg,1
Male/Cat_016_Male.jpg,1
Male/Cat_017_Male.jpg,1
Male/Cat_018_Male.jpg,1
Male/Cat_019_Male.jpg,1
Male/Cat_020_Male.jpg,1
Male/Cat_021_Male.jpg,1
Male/Cat_022_Male.jpg,1
Male/Cat_023_Male.jpg,1
Male/Cat_024_Male.jpg,1
Male/Cat_025_Male.jpg,1
Male/Cat_026_Male.jpg,1
Male/Cat_027_Male.jpg,1
Male/Cat_028_Male.jpg,1
Male/Cat_029_Male.jpg,1
Male/Cat_030_Male.jpg,1
Male/Cat_031_Male.jpg,1
Male/Cat_032_Male.jpg,1
Male/Cat_033_Male.jpg,1
Male/Cat_034_Male.jpg,1
Male/Cat_035_Male.jpg,1
Male/Cat_036_Male.jpg,1
Male/Cat_037_Male.jpg,1
Male/Cat_038_Male.jpg,1
Male/Cat_039_Male.jpg,1
Male/Cat_040_Male.jpg,1
Male/Cat_041_Male.jpg,1
Male/Cat_042_Male.jpg,1
Male/Cat_043_Male.jpg,1
Male/Cat_044_Male.jpg,1
Male/Cat_045_Male.jpg,1
Male/Cat_046_Male.jpg,1
Male/Cat_047_Male.jpg,1
Male/Cat_048_Male.jpg,1
Male/Cat_049_Male.jpg,1
Male/Cat_050_Male.jpg,1
Male/Cat_051_Male.jpg,1
Male/Cat_052_Male.jpg,1
Male/Cat_053_Male.jpg,1
Male/Cat_054_Male.jpg,1
Male/Cat_055_Male.jpg,1
Male/Cat_056_Male.jpg,1
Male/Cat_057_Male.jpg,1
Male/Cat_058_Male.jpg,1
Male/Cat_059_Male.jpg,1
Male/Cat_060_Male.jpg,1
Male/Cat_061_Male.jpg,1
Male/Cat_062_Male.jpg,1
Male/Cat_063_Male.jpg,1
Male/Cat_064_Male.jpg,1
Male/Cat_065_Male.jpg,1
Male/Cat_066_Male.jpg,1
Male/Cat_067_Male.jpg,1
Male/Cat_068_Male.jpg,1
Male/Cat_069_Male.jpg,1
Male/Cat_070_Male.jpg,1
Male/Cat_071_Male.jpg,1
Male/Cat_072_Male.jpg,1
Male/Cat_073_Male.jpg,1
Male/Cat_074_Male.jpg,1
Male/Cat_075_Male.jpg,1
Male/Cat_076_Male.jpg,1
Male/Cat_077_Male.jpg,1
Male/Cat_078_Male.jpg,1
Male/Cat_079_Male.jpg,1
Male/Cat_080_Male.jpg,1
Male/Cat_081_Male.jpg,1
Male/Cat_082_Male.jpg,1
Male/Cat_083_Male.jpg,1
Male/Cat_084_Male.jpg,1
Male/Cat_085_Male.jpg,1
Male/Cat_086_Male.jpg,1
Male/Cat_087_Male.jpg,1
Male/Cat_088_Male.jpg,1
Male/Cat_089_Male.jpg,1
Male/Cat_090_Male.jpg,1
Male/Cat_091_Male.jpg,1
Male/Cat_092_Male.jpg,1
Male/Cat_093_Male.jpg,1
Male/Cat_094_Male.jpg,1
Male/Cat_095_Male.jpg,1
Male/Cat_096_Male.jpg,1
Male/Cat_097_Male.jpg,1
Male/Cat_098_Male.jpg,1
Male/Cat_099_Male.jpg,1
Male/Cat_100_Male.jpg,1
Male/Cat_101_Male.jpg,1
Male/Cat_102_Male.jpg,1
Male/Cat_103_Male.jpg,1
Male/Cat_104_Male.jpg,1
Male/Cat_105_Male.jpg,1
Male/Cat_106_Male.jpg,1
Male/Cat_107_Male.jpg,1
Male/Cat_108_Male.jpg,1
Male/Cat_109_Male.jpg,1
Male/Cat_110_Male.jpg,1
Male/Cat_111_Male.jpg,1
Male/Cat_112_Male.jpg,1
Male/Cat_113_Male.jpg,1
Male/Cat_114_Male.jpg,1
Male/Cat_115_Male.jpg,1
Male/Cat_116_Male.jpg,1
Male/Cat_117_Male.jpg,1
Male/Cat_118_Male.jpg,1
Male/Cat_119_Male.jpg,1
Male/Cat_120_Male.jpg,1
Male/Cat_121_Male.jpg,1
Male/Cat_122_Male.jpg,1
Male/Cat_123_Male.jpg,1
Male/Cat_124_Male.jpg,1
Male/Cat_125_Male.jpg,1
Male/Cat_126_Male.jpg,1
Male/Cat_127_Male.jpg,1
Male/Cat_128_Male.jpg,1
Male/Cat_129_Male.jpg,1
Male/Cat_130_Male.jpg,1
Male/Cat_131_Male.jpg,1
Male/Cat_132_Male.jpg,1
Male/Cat_133_Male.jpg,1
Male/Cat_134_Male.jpg,1
Male/Cat_135_Male.jpg,1
Male/Cat_136_Male.jpg,1
Male/Cat_137_Male.jpg,1
Male/Cat_138_Male.jpg,1
Male/Cat_139_Male.jpg,1
Male/Cat_140_Male.jpg,1
Male/Cat_141_Male.jpg,1
Male/Cat_142_Male.jpg,1
Male/Cat_143_Male.jpg,1
Male/Cat_144_Male.jpg,1
Male/Cat_145_Male.jpg,1
Male/Cat_146_Male.jpg,1
Male/Cat_147_Male.jpg,1
Male/Cat_148_Male.jpg,1
Male/Cat_149_Male.jpg,1
Male/Cat_150_Male.jpg,1
Male/Cat_151_Male.jpg,1
Male/Cat_152_Male.jpg,1
Male/Cat_153_Male.jpg,1
Male/Cat_154_Male.jpg,1
Male/Cat_155_Male.jpg,1
Male/Cat_156_Male.jpg,1
Male/Cat_157_Male.jpg,1
Male/Cat_158_Male.jpg,1
Male/Cat_159_Male.jpg,1
Male/Cat_160_Male.jpg,1
Male/Cat_161_Male.jpg,1
Male/Cat_162_Male.jpg,1
Male/Cat_163_Male.jpg,1
Male/Cat_164_Male.jpg,1
Male/Cat_165_Male.jpg,1
Male/Cat_166_Male.jpg,1
Male/Cat_167_Male.jpg,1
Male/Cat_168_Male.jpg,1
Male/Cat_169_Male.jpg,1
Male/Cat_170_Male.jpg,1
Male/Cat_171_Male.jpg,1
Male/Cat_172_Male.jpg,1
Male/Cat_173_Male.jpg,1
Male/Cat_174_Male.jpg,1
Male/Cat_175_Male.jpg,1
Male/Cat_176_Male.jpg,1
Male/Cat_177_Male.jpg,1
Male/Cat_178_Male.jpg,1
Male/Cat_179_Male.jpg,1
Male/Cat_180_Male.jpg,1
Male/Cat_181_Male.jpg,1
Male/Cat_182_Male.jpg,1
Male/Cat_183_Male.jpg,1
Male/Cat_184_Male.jpg,1
Male/Cat_185_Male.jpg,1
Male/Cat_186_Male.jpg,1
Male/Cat_187_Male.jpg,1
Male/Cat_188_Male.jpg,1
Male/Cat_189_Male.jpg,1
Male/Cat_190_Male.jpg,1
Male/Cat_191_Male.jpg,1
Male/Cat_192_Male.jpg,1
Male/Cat_193_Male.jpg,1
Male/Cat_194_Male.jpg,1
Male/Cat_195_Male.jpg,1
Male/Cat_196_Male.jpg,1
Male/Cat_197_Male.jpg,1
Male/Cat_198_Male.jpg,1
Male/Cat_199_Male.jpg,1
Male/Cat_200_Male.jpg,1
Male/Cat_201_Male.jpg,1
Male/Cat_202_Male.jpg,1
Male/Cat_203_Male.jpg,1
Male/Cat_204_Male.jpg,1
Male/Cat_205_Male.jpg,1
Male/Cat_206_Male.jpg,1
Male/Cat_207_Male.jpg,1
Male/Cat_208_Male.jpg,1
Male/Cat_209_Male.jpg,1
Male/Cat_210_Male.jpg,1
Male/Cat_211_Male.jpg,1
Male/Cat_212_Male.jpg,1
Male/Cat_213_Male.jpg,1
Male/Cat_214_Male.jpg,1
Male/Cat_215_Male.jpg,1
Male/Cat_216_Male.jpg,1
Male/Cat_217_Male.jpg,1
Male/Cat_218_Male.jpg,1
Male/Cat_219_Male.jpg,1
Male/Cat_220_Male.jpg,1
Male/Cat_221_Male.jpg,1
Male/Cat_222_Male.jpg,1
Male/Cat_223_Male.jpg,1
Male/Cat_224_Male.jpg,1
Male/Cat_225_Male.jpg,1
Male/Cat_226_Male.jpg,1
Male/Cat_227_Male.jpg,1
Male/Cat_228_Male.jpg,1
Male/Cat_229_Male.jpg,1
Male/Cat_230_Male.jpg,1
Male/Cat_231_Male.jpg,1
Male/Cat_232_Male.jpg,1
Male/Cat_233_Male.jpg,1
Male/Cat_234_Male.jpg,1
Male/Cat_235_Male.jpg,1
Male/Cat_236_Male.jpg,1
Male/Cat_237_Male.jpg,1
Male/Cat_238_Male.jpg,1
Male/Cat_239_Male.jpg,1
Male/Cat_240_Male.jpg,1
Male/Cat_241_Male.jpg,1
Male/Cat_242_Male.jpg,1
Male/Cat_243_Male.jpg,1
Male/Cat_244_Male.jpg,1
Male/Cat_245_Male.jpg,1
Male/Cat_246_Male.jpg,1
Male/Cat_247_Male.jpg,1
Male/Cat_248_Male.jpg,1
Male/Cat_249_Male.jpg,1
Male/Cat_250_Male.jpg,1
Male/Cat_251_Male.jpg,1
Male/Cat_252_Male.jpg,1
Male/Cat_253_Male.jpg,1
Male/Cat_254_Male.jpg,1
Male/Cat_255_Male.jpg,1
Male/Cat_256_Male.jpg,1
Male/Cat_257_Male.jpg,1
Male/Cat_258_Male.jpg,1
Male/Cat_259_Male.jpg,1
Male/Cat_260_Male.jpg,1
Male/Cat_261_Male.jpg,1
Male/Cat_262_Male.jpg,1
Male/Cat_263_Male.jpg,1
Male/Cat_264_Male.jpg,1
Male/Cat_265_Male.jpg,1
Male/Cat_266_Male.jpg,1
Male/Cat_267_Male.jpg,1
Male/Cat_268_Male.jpg,1
Male/Cat_269_Male.jpg,1
Male/Cat_270_Male.jpg,1
Male/Cat_271_Male.jpg,1
Male/Cat_272_Male.jpg,1
Male/Cat_273_Male.jpg,1
Male/Cat_274_Male.jpg,1
Male/Cat_275_Male.jpg,1
Male/Cat_276_Male.jpg,1
Male/Cat_277_Male.jpg,1
Male/Cat_278_Male.jpg,1
Male/Cat_279_Male.jpg,1
Male/Cat_280_Male.jpg,1
Male/Cat_281_Male.jpg,1
Male/Cat_282_Male.jpg,1
Male/Cat_283_Male.jpg,1
Male/Cat_284_Male.jpg,1
Male/Cat_285_Male.jpg,1
Male/Cat_286_Male.jpg,1
Male/Cat_287_Male.jpg,1
Male/Cat_288_Male.jpg,1
Male/Cat_289_Male.jpg,1
Male/Cat_290_Male.jpg,1
Male/Cat_291_Male.jpg,1
Male/Cat_292_Male.jpg,1
Male/Cat_293_Male.jpg,1
Male/Cat_294_Male.jpg,1
Male/Cat_295_Male.jpg,1
Male/Cat_296_Male.jpg,1
Male/Cat_297_Male.jpg,1
Male/Cat_298_Male.jpg,1
Male/Cat_299_Male.jpg,1
Male/Cat_300_Male.jpg,1
Male/Cat_301_Male.jpg,1
Male/Cat_302_Male.jpg,1
Male/Cat_303_Male.jpg,1
Male/Cat_304_Male.jpg,1
Male/Cat_305_Male.jpg,1
Male/Cat_306_Male.jpg,1
Male/Cat_307_Male.jpg,1
Male/Cat_308_Male.jpg,1
Male/Cat_309_Male.jpg,1
Male/Cat_310_Male.jpg,1
Male/Cat_311_Male.jpg,1
Male/Cat_312_Male.jpg,1
Male/Cat_313_Male.jpg,1
Male/Cat_314_Male.jpg,1
Male/Cat_315_Male.jpg,1
Male/Cat_316_Male.jpg,1
Male/Cat_317_Male.jpg,1
Male/Cat_318_Male.jpg,1
Male/Cat_319_Male.jpg,1
Male/Cat_320_Male.jpg,1
Male/Cat_321_Male.jpg,1
Male/Cat_322_Male.jpg,1
Male/Cat_323_Male.jpg,1
Male/Cat_324_Male.jpg,1
Male/Cat_325_Male.jpg,1
Male/Cat_326_Male.jpg,1
Male/Cat_327_Male.jpg,1
Male/Cat_328_Male.jpg,1
Male/Cat_329_Male.jpg,1
Male/Cat_330_Male.jpg,1
Male/Cat_331_Male.jpg,1
Male/Cat_332_Male.jpg,1
Male/Cat_333_Male.jpg,1
Male/Cat_334_Male.jpg,1
Male/Cat_335_Male.jpg,1
Male/Cat_336_Male.jpg,1
Male/Cat_337_Male.jpg,1
Male/Cat_338_Male.jpg,1
Male/Cat_339_Male.jpg,1
Male/Cat_340_Male.jpg,1
Male/Cat_341_Male.jpg,1
Male/Cat_342_Male.jpg,1
Male/Cat_343_Male.jpg,1
Male/Cat_344_Male.jpg,1
Male/Cat_345_Male.jpg,1
Male/Cat_346_Male.jpg,1
Male/Cat_347_Male.jpg,1
Male/Cat_348_Male.jpg,1
Male/Cat_349_Male.jpg,1
Male/Cat_350_Male.jpg,1
Female/Cat_001_Female.jpg,0
Female/Cat_002_Female.jpg,0
Female/Cat_003_Female.jpg,0
Female/Cat_004_Female.jpg,0
Female/Cat_005_Female.jpg,0
Female/Cat_006_Female.jpg,0
Female/Cat_007_Female.jpg,0
Female/Cat_008_Female.jpg,0
Female/Cat_009_Female.jpg,0
Female/Cat_010_Female.jpg,0
Female/Cat_011_Female.jpg,0
Female/Cat_012_Female.jpg,0
Female/Cat_013_Female.jpg,0
Female/Cat_014_Female.jpg,0
Female/Cat_015_Female.jpg,0
Female/Cat_016_Female.jpg,0
Female/Cat_017_Female.jpg,0
Female/Cat_018_Female.jpg,0
Female/Cat_019_Female.jpg,0
Female/Cat_020_Female.jpg,0
Female/Cat_021_Female.jpg,0
Female/Cat_022_Female.jpg,0
Female/Cat_023_Female.jpg,0
Female/Cat_024_Female.jpg,0
Female/Cat_025_Female.jpg,0
Female/Cat_026_Female.jpg,0
Female/Cat_027_Female.jpg,0
Female/Cat_028_Female.jpg,0
Female/Cat_029_Female.jpg,0
Female/Cat_030_Female.jpg,0
Female/Cat_031_Female.jpg,0
Female/Cat_032_Female.jpg,0
Female/Cat_033_Female.jpg,0
Female/Cat_034_Female.jpg,0
Female/Cat_035_Female.jpg,0
Female/Cat_036_Female.jpg,0
Female/Cat_037_Female.jpg,0
Female/Cat_038_Female.jpg,0
Female/Cat_039_Female.jpg,0
Female/Cat_040_Female.jpg,0
Female/Cat_041_Female.jpg,0
Female/Cat_042_Female.jpg,0
Female/Cat_043_Female.jpg,0
Female/Cat_044_Female.jpg,0
Female/Cat_045_Female.jpg,0
Female/Cat_046_Female.jpg,0
Female/Cat_047_Female.jpg,0
Female/Cat_048_Female.jpg,0
Female/Cat_049_Female.jpg,0
Female/Cat_050_Female.jpg,0
Female/Cat_051_Female.jpg,0
Female/Cat_052_Female.jpg,0
Female/Cat_053_Female.jpg,0
Female/Cat_054_Female.jpg,0
Female/Cat_055_Female.jpg,0
Female/Cat_056_Female.jpg,0
Female/Cat_057_Female.jpg,0
Female/Cat_058_Female.jpg,0
Female/Cat_059_Female.jpg,0
Female/Cat_060_Female.jpg,0
Female/Cat_061_Female.jpg,0
Female/Cat_062_Female.jpg,0
Female/Cat_063_Female.jpg,0
Female/Cat_064_Female.jpg,0
Female/Cat_065_Female.jpg,0
Female/Cat_066_Female.jpg,0
Female/Cat_067_Female.jpg,0
Female/Cat_068_Female.jpg,0
Female/Cat_069_Female.jpg,0
Female/Cat_070_Female.jpg,0
Female/Cat_071_Female.jpg,0
Female/Cat_072_Female.jpg,0
Female/Cat_073_Female.jpg,0
Female/Cat_074_Female.jpg,0
Female/Cat_075_Female.jpg,0
Female/Cat_076_Female.jpg,0
Female/Cat_077_Female.jpg,0
Female/Cat_078_Female.jpg,0
Female/Cat_079_Female.jpg,0
Female/Cat_080_Female.jpg,0
Female/Cat_081_Female.jpg,0
Female/Cat_082_Female.jpg,0
Female/Cat_083_Female.jpg,0
Female/Cat_084_Female.jpg,0
Female/Cat_085_Female.jpg,0
Female/Cat_086_Female.jpg,0
Female/Cat_087_Female.jpg,0
Female/Cat_088_Female.jpg,0
Female/Cat_089_Female.jpg,0
Female/Cat_090_Female.jpg,0
Female/Cat_091_Female.jpg,0
Female/Cat_092_Female.jpg,0
Female/Cat_093_Female.jpg,0
Female/Cat_094_Female.jpg,0
Female/Cat_095_Female.jpg,0
Female/Cat_096_Female.jpg,0
Female/Cat_097_Female.jpg,0
Female/Cat_098_Female.jpg,0
Female/Cat_099_Female.jpg,0
Female/Cat_100_Female.jpg,0
Female/Cat_101_Female.jpg,0
Female/Cat_102_Female.jpg,0
Female/Cat_103_Female.jpg,0
Female/Cat_104_Female.jpg,0
Female/Cat_105_Female.jpg,0
Female/Cat_106_Female.jpg,0
Female/Cat_107_Female.jpg,0
Female/Cat_108_Female.jpg,0
Female/Cat_109_Female.jpg,0
Female/Cat_110_Female.jpg,0
Female/Cat_111_Female.jpg,0
Female/Cat_112_Female.jpg,0
Female/Cat_113_Female.jpg,0
Female/Cat_114_Female.jpg,0
Female/Cat_115_Female.jpg,0
Female/Cat_116_Female.jpg,0
Female/Cat_117_Female.jpg,0
Female/Cat_118_Female.jpg,0
Female/Cat_119_Female.jpg,0
Female/Cat_120_Female.jpg,0
Female/Cat_121_Female.jpg,0
Female/Cat_122_Female.jpg,0
Female/Cat_123_Female.jpg,0
Female/Cat_124_Female.jpg,0
Female/Cat_125_Female.jpg,0
Female/Cat_126_Female.jpg,0
Female/Cat_127_Female.jpg,0
Female/Cat_128_Female.jpg,0
Female/Cat_129_Female.jpg,0
Female/Cat_130_Female.jpg,0
Female/Cat_131_Female.jpg,0
Female/Cat_132_Female.jpg,0
Female/Cat_133_Female.jpg,0
Female/Cat_134_Female.jpg,0
Female/Cat_135_Female.jpg,0
Female/Cat_136_Female.jpg,0
Female/Cat_137_Female.jpg,0
Female/Cat_138_Female.jpg,0
Female/Cat_139_Female.jpg,0
Female/Cat_140_Female.jpg,0
Female/Cat_141_Female.jpg,0
Female/Cat_142_Female.jpg,0
Female/Cat_143_Female.jpg,0
Female/Cat_144_Female.jpg,0
Female/Cat_145_Female.jpg,0
Female/Cat_146_Female.jpg,0
Female/Cat_147_Female.jpg,0
Female/Cat_148_Female.jpg,0
Female/Cat_149_Female.jpg,0
Female/Cat_150_Female.jpg,0
Female/Cat_151_Female.jpg,0
Female/Cat_152_Female.jpg,0
Female/Cat_153_Female.jpg,0
Female/Cat_154_Female.jpg,0
Female/Cat_155_Female.jpg,0
Female/Cat_156_Female.jpg,0
Female/Cat_157_Female.jpg,0
Female/Cat_158_Female.jpg,0
Female/Cat_159_Female.jpg,0
Female/Cat_160_Female.jpg,0
Female/Cat_161_Female.jpg,0
Female/Cat_162_Female.jpg,0
Female/Cat_163_Female.jpg,0
Female/Cat_164_Female.jpg,0
Female/Cat_165_Female.jpg,0
Female/Cat_166_Female.jpg,0
Female/Cat_167_Female.jpg,0
Female/Cat_168_Female.jpg,0
Female/Cat_169_Female.jpg,0
Female/Cat_170_Female.jpg,0
Female/Cat_171_Female.jpg,0
Female/Cat_172_Female.jpg,0
Female/Cat_173_Female.jpg,0
Female/Cat_174_Female.jpg,0
Female/Cat_175_Female.jpg,0
Female/Cat_176_Female.jpg,0
Female/Cat_177_Female.jpg,0
Female/Cat_178_Female.jpg,0
Female/Cat_179_Female.jpg,0
Female/Cat_180_Female.jpg,0
Female/Cat_181_Female.jpg,0
Female/Cat_182_Female.jpg,0
Female/Cat_183_Female.jpg,0
Female/Cat_184_Female.jpg,0
Female/Cat_185_Female.jpg,0
Female/Cat_186_Female.jpg,0
Female/Cat_187_Female.jpg,0
Female/Cat_188_Female.jpg,0
Female/Cat_189_Female.jpg,0
Female/Cat_190_Female.jpg,0
Female/Cat_191_Female.jpg,0
Female/Cat_192_Female.jpg,0
Female/Cat_193_Female.jpg,0
Female/Cat_194_Female.jpg,0
Female/Cat_195_Female.jpg,0
Female/Cat_196_Female.jpg,0
Female/Cat_197_Female.jpg,0
Female/Cat_198_Female.jpg,0
Female/Cat_199_Female.jpg,0
Female/Cat_200_Female.jpg,0
Female/Cat_201_Female.jpg,0
Female/Cat_202_Female.jpg,0
Female/Cat_203_Female.jpg,0
Female/Cat_204_Female.jpg,0
Female/Cat_205_Female.jpg,0
Female/Cat_206_Female.jpg,0
Female/Cat_207_Female.jpg,0
Female/Cat_208_Female.jpg,0
Female/Cat_209_Female.jpg,0
Female/Cat_210_Female.jpg,0
Female/Cat_211_Female.jpg,0
Female/Cat_212_Female.jpg,0
Female/Cat_213_Female.jpg,0
Female/Cat_214_Female.jpg,0
Female/Cat_215_Female.jpg,0
Female/Cat_216_Female.jpg,0
Female/Cat_217_Female.jpg,0
Female/Cat_218_Female.jpg,0
Female/Cat_219_Female.jpg,0
Female/Cat_220_Female.jpg,0
Female/Cat_221_Female.jpg,0
Female/Cat_222_Female.jpg,0
Female/Cat_223_Female.jpg,0
Female/Cat_224_Female.jpg,0
Female/Cat_225_Female.jpg,0
Female/Cat_226_Female.jpg,0
Female/Cat_227_Female.jpg,0
Female/Cat_228_Female.jpg,0
Female/Cat_229_Female.jpg,0
Female/Cat_230_Female.jpg,0
Female/Cat_231_Female.jpg,0
Female/Cat_232_Female.jpg,0
Female/Cat_233_Female.jpg,0
Female/Cat_234_Female.jpg,0
Female/Cat_235_Female.jpg,0
Female/Cat_236_Female.jpg,0
Female/Cat_237_Female.jpg,0
Female/Cat_238_Female.jpg,0
Female/Cat_239_Female.jpg,0
Female/Cat_240_Female.jpg,0
Female/Cat_241_Female.jpg,0
Female/Cat_242_Female.jpg,0
Female/Cat_243_Female.jpg,0
Female/Cat_244_Female.jpg,0
Female/Cat_245_Female.jpg,0
Female/Cat_246_Female.jpg,0
Female/Cat_247_Female.jpg,0
Female/Cat_248_Female.jpg,0
Female/Cat_249_Female.jpg,0
Female/Cat_250_Female.jpg,0
Female/Cat_251_Female.jpg,0
Female/Cat_252_Female.jpg,0
Female/Cat_253_Female.jpg,0
Female/Cat_254_Female.jpg,0
Female/Cat_255_Female.jpg,0
Female/Cat_256_Female.jpg,0
Female/Cat_257_Female.jpg,0
Female/Cat_258_Female.jpg,0
Female/Cat_259_Female.jpg,0
Female/Cat_260_Female.jpg,0
Female/Cat_261_Female.jpg,0
Female/Cat_262_Female.jpg,0
Female/Cat_263_Female.jpg,0
Female/Cat_264_Female.jpg,0
Female/Cat_265_Female.jpg,0
Female/Cat_266_Female.jpg,0
Female/Cat_267_Female.jpg,0
Female/Cat_268_Female.jpg,0
Female/Cat_269_Female.jpg,0
Female/Cat_270_Female.jpg,0
Female/Cat_271_Female.jpg,0
Female/Cat_272_Female.jpg,0
Female/Cat_273_Female.jpg,0
Female/Cat_274_Female.jpg,0
Female/Cat_275_Female.jpg,0
Female/Cat_276_Female.jpg,0
Female/Cat_277_Female.jpg,0
Female/Cat_278_Female.jpg,0
Female/Cat_279_Female.jpg,0
Female/Cat_280_Female.jpg,0
Female/Cat_281_Female.jpg,0
Female/Cat_282_Female.jpg,0
Female/Cat_283_Female.jpg,0
Female/Cat_284_Female.jpg,0
Female/Cat_285_Female.jpg,0
Female/Cat_286_Female.jpg,0
Female/Cat_287_Female.jpg,0
Female/Cat_288_Female.jpg,0
Female/Cat_289_Female.jpg,0
Female/Cat_290_Female.jpg,0
Female/Cat_291_Female.jpg,0
Female/Cat_292_Female.jpg,0
Female/Cat_293_Female.jpg,0
Female/Cat_294_Female.jpg,0
Female/Cat_295_Female.jpg,0
Female/Cat_296_Female.jpg,0
Female/Cat_297_Female.jpg,0
Female/Cat_298_Female.jpg,0
Female/Cat_299_Female.jpg,0
Female/Cat_300_Female.jpg,0
Female/Cat_301_Female.jpg,0
Female/Cat_302_Female.jpg,0
Female/Cat_303_Female.jpg,0
Female/Cat_304_Female.jpg,0
Female/Cat_305_Female.jpg,0
Female/Cat_306_Female.jpg,0
Female/Cat_307_Female.jpg,0
Female/Cat_308_Female.jpg,0
Female/Cat_309_Female.jpg,0
Female/Cat_310_Female.jpg,0
Female/Cat_311_Female.jpg,0
Female/Cat_312_Female.jpg,0
Female/Cat_313_Female.jpg,0
Female/Cat_314_Female.jpg,0
Female/Cat_315_Female.jpg,0
Female/Cat_316_Female.jpg,0
Female/Cat_317_Female.jpg,0
Female/Cat_318_Female.jpg,0
Female/Cat_319_Female.jpg,0
Female/Cat_320_Female.jpg,0
Female/Cat_321_Female.jpg,0
Female/Cat_322_Female.jpg,0
Female/Cat_323_Female.jpg,0
Female/Cat_324_Female.jpg,0
Female/Cat_325_Female.jpg,0
Female/Cat_326_Female.jpg,0
Female/Cat_327_Female.jpg,0
Female/Cat_328_Female.jpg,0
Female/Cat_329_Female.jpg,0
Female/Cat_330_Female.jpg,0
Female/Cat_331_Female.jpg,0
Female/Cat_332_Female.jpg,0
Female/Cat_333_Female.jpg,0
Female/Cat_334_Female.jpg,0
Female/Cat_335_Female.jpg,0
Female/Cat_336_Female.jpg,0
Female/Cat_337_Female.jpg,0
Female/Cat_338_Female.jpg,0
Female/Cat_339_Female.jpg,0
Female/Cat_340_Female.jpg,0
Female/Cat_341_Female.jpg,0
Female/Cat_342_Female.jpg,0
Female/Cat_343_Female.jpg,0
Female/Cat_344_Female.jpg,0
Female/Cat_345_Female.jpg,0
Female/Cat_346_Female.jpg,0
Female/Cat_347_Female.jpg,0
Female/Cat_348_Female.jpg,0
Female/Cat_349_Female.jpg,0
Female/Cat_350_Female.jpg,0
